Artist,Country,Area of Origin,activity start,activity end
*Nsync,US,United States,1995,Sin datos
Coldplay,GB,United Kingdom,1996,Sin datos
Shaggy,JM,Jamaica,1968,Sin datos
Nelly,US,United States,1974,Sin datos
Britney Spears,US,United States,1981,Sin datos
Lifehouse,US,United States,1996,Sin datos
Duster,US,United States,1996,Sin datos
Nelly Furtado,CA,Canada,1978,Sin datos
Wheatus,US,United States,1995,Sin datos
The Offspring,US,United States,1984,Sin datos
Sade,GB,United Kingdom,1982,Sin datos
Nine Days,US,United States,1998,Sin datos
Ja Rule,Sin datos,Saddle River,1976,Sin datos
Panchiko,GB,United Kingdom,1997,Sin datos
Ludacris,US,United States,1977,Sin datos
Paul Anka,CA,Canada,1941,Sin datos
Enya,IE,Ireland,1961,Sin datos
Matchbox Twenty,US,United States,1996,Sin datos
Juan Gabriel,MX,Mexico,1950,2016
Baha Men,BS,Bahamas,1977,Sin datos
Five For Fighting,US,United States,1965,Sin datos
Phoenix,GB,United Kingdom,1967,Sin datos
Backstreet Boys,US,United States,1993,Sin datos
La Oreja De Van Gogh,ES,Spain,1996,Sin datos
Toni Braxton,US,United States,1967,Sin datos
Air,FR,France,1995,Sin datos
The Fixx,GB,United Kingdom,1980,Sin datos
The Corrs,IE,Ireland,1990,Sin datos
Barenaked Ladies,CA,Canada,1988,Sin datos
Goldfinger,US,United States,1994,Sin datos
Cat Power,US,United States,1972,Sin datos
Jill Scott,US,United States,1972,Sin datos
La Unión,ES,Spain,1984,Sin datos
Jay-Z,US,United States,1969,Sin datos
Luis Miguel,MX,Mexico,1970,Sin datos
Blink-182,US,United States,1992,Sin datos
Mýa,US,United States,1979,Sin datos
Everclear,US,United States,1992,Sin datos
Chayanne,PR,Puerto Rico,1968,Sin datos
3Lw,US,United States,1999,2007
Son By Four,PR,Puerto Rico,Sin datos,Sin datos
Keren Ann,IL,Israel,1974,Sin datos
Shyne,US,United States,1978,Sin datos
Millencolin,SE,Sweden,1992,Sin datos
Faron Young,US,United States,1932,1996
P!Nk,US,United States,1979,Sin datos
Paulina Rubio,MX,Mexico,1971,Sin datos
S Club,GB,United Kingdom,1999,Sin datos
Eve 6,US,United States,1995,Sin datos
Snoop Dogg,US,United States,1971,Sin datos
Alkaline Trio,US,United States,1996,Sin datos
Modest Mouse,Sin datos,Portland,1993,Sin datos
Laura Pausini,IT,Italy,1974,Sin datos
Afi,US,United States,1991,Sin datos
The Avalanches,AU,Australia,1997,Sin datos
Madonna,US,United States,1958,Sin datos
No Doubt,US,United States,1986,Sin datos
Palito Ortega,AR,Argentina,1942,Sin datos
Lil' Kim,US,United States,1974,Sin datos
Marco Antonio Solís,MX,Mexico,1959,Sin datos
Christina Aguilera,US,United States,1980,Sin datos
Broadcast,Sin datos,Birmingham,1995,Sin datos
Nelson Ned,BR,Brazil,1947,2014
Blonde Redhead,US,United States,1993,Sin datos
New Found Glory,US,United States,1997,Sin datos
Pj Harvey,Sin datos,England,1969,Sin datos
Dj Quik,US,United States,1970,Sin datos
Da Brat,US,United States,1974,Sin datos
Yo La Tengo,Sin datos,Hoboken,1984,Sin datos
Whitney Houston,US,United States,1963,2012
Santo & Johnny,US,United States,1959,1976
Ricardo Arjona,GT,Guatemala,1964,Sin datos
Midge Ure,GB,United Kingdom,1953,Sin datos
Stefanie Sun,SG,Singapore,1978,Sin datos
Ricky Martin,PR,Puerto Rico,1971,Sin datos
Sammie,US,United States,1987,Sin datos
Souldecision,CA,Canada,1993,2005
Tamia,CA,Canada,1975,Sin datos
Spandau Ballet,GB,United Kingdom,1979,1990
Mojave 3,GB,United Kingdom,1994,Sin datos
Sheena Ringo,JP,Japan,1978,Sin datos
The Clientele,GB,United Kingdom,1997,Sin datos
Sum 41,CA,Canada,1996,Sin datos
Trina,US,United States,1978,Sin datos
Jay Chou,Sin datos,Sin datos,1979,Sin datos
Nofx,US,United States,1983,Sin datos
Kandi,US,United States,1976,Sin datos
Cal Smith,US,United States,1932,2013
Kelly Price,US,United States,1973,Sin datos
M2M,NO,Norway,1998,2002
Evan And Jaron,US,United States,1994,Sin datos
Aaron Carter,US,United States,1987,2022
Sandy Lam,HK,Hong Kong,1966,Sin datos
Gob,CA,Canada,1994,Sin datos
Ruff Ryders,US,United States,1988,Sin datos
Wilson Phillips,US,United States,1989,Sin datos
Thalia,MX,Mexico,1971,Sin datos
Hootie & The Blowfish,US,United States,1989,Sin datos
Heart,US,United States,1973,Sin datos
Mariah Carey,US,United States,1969,Sin datos
Sean Paul,JM,Jamaica,1973,Sin datos
Luis Fonsi,PR,Puerto Rico,1978,Sin datos
Cher,US,United States,1946,Sin datos
Collective Soul,US,United States,1992,Sin datos
Sister Hazel,US,United States,1993,Sin datos
Barbara Mandrell,US,United States,1948,Sin datos
Alejandro Sanz,ES,Spain,1968,Sin datos
Texas,GB,United Kingdom,1986,Sin datos
Mandy Moore,US,United States,1984,Sin datos
Destiny'S Child,US,United States,1990,2006
Bow Wow,US,United States,1987,Sin datos
La Ley,CL,Chile,1987,Sin datos
Godspeed You! Black Emperor,CA,Canada,1994,Sin datos
El General,PA,Panama,1969,Sin datos
Kylie Minogue,AU,Australia,1968,Sin datos
Arthur Russell,US,United States,1951,1992
Belle And Sebastian,GB,United Kingdom,1996,Sin datos
Charley Pride,US,United States,1934,2020
Spice Girls,GB,United Kingdom,1994,2008
Anne Murray,CA,Canada,1945,Sin datos
Mxpx,US,United States,1992,Sin datos
Nacha Pop,ES,Spain,1978,2009
Goldfrapp,GB,United Kingdom,1999,Sin datos
Lil Wayne,US,United States,1982,Sin datos
Jatin-Lalit,IN,India,1991,2006
Faye Wong,HK,Hong Kong,1969,Sin datos
Zemfira,RU,Russia,1976,Sin datos
Cocteau Twins,Sin datos,Scotland,1981,1998
Leonardo Favio,AR,Argentina,1938,2012
Fastball,US,United States,1996,Sin datos
Dashboard Confessional,US,United States,1999,Sin datos
The Wallflowers,US,United States,1989,Sin datos
Gloria Estefan,US,United States,1957,Sin datos
Lisandro Meza,CO,Colombia,1939,2023
Death Cab For Cutie,US,United States,1997,Sin datos
Eels,US,United States,1995,Sin datos
Lesley Gore,US,United States,1946,2015
Al Hirt,US,United States,1922,1999
Eason Chan,HK,Hong Kong,1974,Sin datos
Luis Silva,VE,Venezuela,Sin datos,Sin datos
Eros Ramazzotti,IT,Italy,1963,Sin datos
Amr Diab,EG,Egypt,1961,Sin datos
Bi-2,RU,Russia,1989,Sin datos
Paula Abdul,US,United States,1962,Sin datos
Domenico Modugno,IT,Italy,1928,1994
Lim Jae Beum,MY,Malaysia,Sin datos,Sin datos
Garou,Sin datos,Québec,1972,Sin datos
The New Pornographers,CA,Canada,1997,Sin datos
Deptford Goth,GB,United Kingdom,Sin datos,Sin datos
陶晶瑩,TW,Taiwan,1969,Sin datos
Lulu Santos,BR,Brazil,1953,Sin datos
Gackt,JP,Japan,1973,Sin datos
La Gusana Ciega,MX,Mexico,1993,Sin datos
William Luna,Sin datos,Cusco,1967,Sin datos
Aimee Mann,US,United States,1960,Sin datos
Aspirante,PA,Panama,Sin datos,Sin datos
Grandaddy,US,United States,1992,Sin datos
Julio Iglesias,ES,Spain,1943,Sin datos
The Style Council,GB,United Kingdom,1983,1989
Dexter Freebish,US,United States,1995,Sin datos
Raymond Scott,US,United States,1908,1994
Mayday,US,United States,Sin datos,Sin datos
B2K,US,United States,2000,2004
Calle Ciega,VE,Venezuela,1995,Sin datos
Rollercoaster,NL,Netherlands,Sin datos,Sin datos
Conway Twitty,US,United States,1933,1993
Fairuz,LB,Lebanon,1935,Sin datos
Adriana Lucia,Sin datos,Sin datos,Sin datos,Sin datos
Bright Eyes,US,United States,1995,Sin datos
Hoku,US,United States,1981,Sin datos
Wham!,GB,United Kingdom,1981,1986
Tamar Braxton,US,United States,1977,Sin datos
Sugar Plant,JP,Japan,1993,Sin datos
Monica Naranjo,ES,Spain,1974,Sin datos
Vince Guaraldi,US,United States,1928,1976
Smog,US,United States,1966,Sin datos
The Presidents Of The United States Of America,US,United States,1993,2015
Jacky Cheung,HK,Hong Kong,1961,Sin datos
Bette Midler,US,United States,1945,Sin datos
The 6Ths,US,United States,1993,Sin datos
Naveen,IN,India,Sin datos,Sin datos
Anastacia,US,United States,1968,Sin datos
Ruki Vverh!,RU,Russia,1995,2006
Blue Mink,GB,United Kingdom,1969,1974
Uncle Kracker,US,United States,1974,Sin datos
Laurie Anderson,US,United States,1947,Sin datos
Kabah,MX,Mexico,1992,2005
Alejandro Fernández,MX,Mexico,1971,Sin datos
Nerf Herder,US,United States,1994,Sin datos
Jeanne Pruett,US,United States,1937,Sin datos
Loretta Lynn,US,United States,1932,2022
Udit Narayan,IN,India,1955,Sin datos
サザンオールスターズ,JP,Japan,1974,Sin datos
Sarah Brightman,GB,United Kingdom,1960,Sin datos
Jonah Jones,US,United States,1909,2000
Jussara Silveira,BR,Brazil,1959,Sin datos
Bowling For Soup,US,United States,1994,Sin datos
Songs: Ohia,US,United States,1996,2003
Juanes,CO,Colombia,1972,Sin datos
The Microphones,US,United States,1996,2022
Siavash Ghomayshi,US,United States,1945,Sin datos
Eddy Arnold,US,United States,1918,2008
Keith Frank & The Soileau Zydeco Band,Sin datos,Sin datos,Sin datos,Sin datos
The Lovin' Spoonful,US,United States,1964,Sin datos
Abc,GB,United Kingdom,1980,Sin datos
800 Cherries,JP,Japan,Sin datos,Sin datos
Amil,US,United States,1978,Sin datos
The Gentle Waves,GB,United Kingdom,Sin datos,Sin datos
Céline Dion,CA,Canada,1968,Sin datos
Björk,IS,Iceland,1965,Sin datos
Marc Anthony,US,United States,1968,Sin datos
Kirinji,JP,Japan,1996,Sin datos
Ehab Tawfik,EG,Egypt,1966,Sin datos
Dkda,Sin datos,Sin datos,Sin datos,Sin datos
Andrés Cepeda,CO,Colombia,1973,Sin datos
Pxndx,MX,Mexico,1996,2016
Ana Torroja,ES,Spain,1959,Sin datos
Selena,US,United States,1971,1995
Ernest Tubb,US,United States,1914,1984
Shahrum Kashani,US,United States,1971,2021
Sugababes,GB,United Kingdom,1998,Sin datos
Cool,KR,South Korea,1994,Sin datos
Swingin' Utters,Sin datos,California,1987,Sin datos
Howie Day,US,United States,1981,Sin datos
S.E.S.,KR,South Korea,1997,2002
Mest,US,United States,1996,2006
Sleater-Kinney,US,United States,1994,Sin datos
Blümchen,DE,Germany,1977,Sin datos
Jimmy Eat World,US,United States,1993,Sin datos
Train,US,United States,1994,Sin datos
Weezer,US,United States,1992,Sin datos
Mary J. Blige,US,United States,1971,Sin datos
Alicia Keys,US,United States,1981,Sin datos
Usher,US,United States,1978,Sin datos
311,US,United States,1988,Sin datos
The Shins,US,United States,1997,Sin datos
Fat Joe,US,United States,1970,Sin datos
Eve,US,United States,1978,Sin datos
Shakira,CO,Colombia,1977,Sin datos
The Calling,US,United States,1996,Sin datos
Blu Cantrell,US,United States,1976,Sin datos
Cake,US,United States,1992,Sin datos
Ginuwine,US,United States,1970,Sin datos
Missy Elliott,US,United States,1971,Sin datos
The Mamas & The Papas,US,United States,1965,1972
Hoobastank,US,United States,1994,Sin datos
Smash Mouth,US,United States,1994,Sin datos
Michelle Branch,US,United States,1983,Sin datos
Sugar Ray,US,United States,1954,Sin datos
Jennifer Lopez,US,United States,1969,Sin datos
Pat Benatar,US,United States,1953,Sin datos
112,US,United States,1996,Sin datos
Busta Rhymes,US,United States,1972,Sin datos
American Hi-Fi,US,United States,1998,Sin datos
Janet Jackson,US,United States,1966,Sin datos
Enrique Iglesias,ES,Spain,1975,Sin datos
Dave Matthews Band,US,United States,1991,Sin datos
Elefante,MX,Mexico,Sin datos,Sin datos
Sin Bandera,MX,Mexico,2001,Sin datos
Good Charlotte,US,United States,1996,Sin datos
Sunshine Anderson,US,United States,1974,Sin datos
Sugarcult,US,United States,1998,Sin datos
Pennywise,US,United States,1988,Sin datos
Diddy,US,United States,1969,Sin datos
David Ball,US,United States,1953,Sin datos
Brand New,US,United States,2000,2018
Miguel Bosé,ES,Spain,1956,Sin datos
Willie Nelson,US,United States,1933,Sin datos
Jamiroquai,GB,United Kingdom,1992,Sin datos
Rufus Wainwright,Sin datos,Montréal,1973,Sin datos
Eduardo Mateo,UY,Uruguay,1940,1990
Bacilos,US,United States,1995,Sin datos
Faith Evans,US,United States,1973,Sin datos
Timbaland,US,United States,1972,Sin datos
Keke Wyatt,US,United States,1982,Sin datos
Thursday,US,United States,1997,Sin datos
Aaliyah,US,United States,1979,2001
Jermaine Dupri,US,United States,1972,Sin datos
Diego Torres,AR,Argentina,1971,Sin datos
Saves The Day,US,United States,1997,Sin datos
Ricardo Montaner,VE,Venezuela,1957,Sin datos
Webb Pierce,US,United States,1921,1991
Billy Idol,GB,United Kingdom,1955,Sin datos
Relient K,US,United States,1998,Sin datos
Lasgo,BE,Belgium,2001,Sin datos
El Gran Silencio,MX,Mexico,1992,Sin datos
Mr. Mister,US,United States,1982,1989
Diana Krall,CA,Canada,1964,Sin datos
Tyrese,Sin datos,Temecula,1978,Sin datos
The Bouncing Souls,US,United States,1988,Sin datos
Josh Groban,US,United States,1981,Sin datos
Hope Sandoval & The Warm Inventions,US,United States,2001,Sin datos
Gabrielle,GB,United Kingdom,1970,Sin datos
Tech N9Ne,US,United States,1971,Sin datos
Jewel,US,United States,1974,Sin datos
Matthew Wilder,US,United States,1953,Sin datos
Yellowcard,US,United States,1997,Sin datos
Les Paul,US,United States,1915,2009
Carlos Vives,CO,Colombia,1961,Sin datos
Nivea,US,United States,1982,Sin datos
Sparklehorse,US,United States,1995,2010
A*Teens,SE,Sweden,1998,2006
Tommy Roe,US,United States,1942,Sin datos
Mr. Cheeks,US,United States,1971,Sin datos
Christina Milian,US,United States,1981,Sin datos
Fugazi,US,United States,1987,2003
Chemistry,JP,Japan,2001,Sin datos
Roberto Jordan,MX,Mexico,1943,Sin datos
Fabolous,US,United States,1977,Sin datos
Do As Infinity,JP,Japan,1999,Sin datos
Andy & Lucas,ES,Spain,2003,2023
Folder 5,JP,Japan,2000,2003
Swv,US,United States,1990,Sin datos
Roxy Music,GB,United Kingdom,1971,Sin datos
Café Tacvba,MX,Mexico,1989,Sin datos
Mdo,PR,Puerto Rico,1997,Sin datos
Secret Garden,NO,Norway,1995,Sin datos
Ana Gabriel,MX,Mexico,1955,Sin datos
Andy Lau,HK,Hong Kong,1961,Sin datos
Leehom Wang,TW,Taiwan,1976,Sin datos
The Monkees,US,United States,1966,Sin datos
Fenix Tx,US,United States,1995,Sin datos
Zucchero,IT,Italy,1955,Sin datos
Jarabe De Palo,ES,Spain,1996,2020
Sandesh Shandilya,IN,India,Sin datos,Sin datos
Brown Eyes,KR,South Korea,2001,Sin datos
Foxy Brown,US,United States,1978,Sin datos
L'Arc-En-Ciel,JP,Japan,1991,Sin datos
Natalie Imbruglia,AU,Australia,1975,Sin datos
Jessica Simpson,US,United States,1980,Sin datos
Babasonicos,AR,Argentina,1991,Sin datos
The Grass Roots,US,United States,1965,1975
Aleks Syntek,MX,Mexico,1969,Sin datos
Alvaro Torres,SV,El Salvador,1954,Sin datos
Mogwai,GB,United Kingdom,1995,Sin datos
Swing Out Sister,GB,United Kingdom,1985,Sin datos
James,US,United States,1933,2006
Ednita Nazario,PR,Puerto Rico,1955,Sin datos
Lit,US,United States,1989,Sin datos
Cyndi Lauper,US,United States,1953,Sin datos
Dolly Parton,US,United States,1946,Sin datos
Mongol800,JP,Japan,2000,Sin datos
Ray J,US,United States,1981,Sin datos
The Verve Pipe,US,United States,1992,Sin datos
Jaguares,MX,Mexico,1996,Sin datos
Donny Osmond,US,United States,1957,Sin datos
Rilo Kiley,US,United States,1998,2011
En Vogue,US,United States,1988,Sin datos
The Beta Band,GB,United Kingdom,1997,2004
The Cranberries,IE,Ireland,1989,2019
Hikaru Utada,Sin datos,Sin datos,Sin datos,Sin datos
Ana Bárbara,Sin datos,Los Angeles,1971,Sin datos
Sammi Cheng,HK,Hong Kong,1972,Sin datos
F4,Sin datos,Sin datos,Sin datos,Sin datos
Atomic Kitten,GB,United Kingdom,1998,Sin datos
S.H.E,TW,Taiwan,2001,Sin datos
Crystal Gayle,US,United States,1951,Sin datos
Chiquetete,ES,Spain,1948,2018
Titãs,BR,Brazil,1981,Sin datos
Rosario,ES,Spain,1963,Sin datos
Lil' Mo,US,United States,1978,Sin datos
Albert Hammond,GB,United Kingdom,1944,Sin datos
Unwound,Sin datos,Olympia,1991,Sin datos
Salt-N-Pepa,US,United States,1985,Sin datos
Live,US,United States,1990,Sin datos
Destroyer,CA,Canada,1995,Sin datos
Moustafa Amar,EG,Egypt,1966,Sin datos
Fiji,Sin datos,Sin datos,1970,Sin datos
Broken Social Scene,CA,Canada,1999,Sin datos
Built To Spill,US,United States,1992,Sin datos
Stroke 9,US,United States,1990,Sin datos
M-Flo,JP,Japan,1998,Sin datos
Finch,US,United States,1999,2016
Red Sovine,US,United States,1917,1980
Trio America,US,United States,1970,Sin datos
David Byrne,US,United States,1952,Sin datos
Chris Rea,GB,United Kingdom,1951,Sin datos
Labi Siffre,GB,United Kingdom,1945,Sin datos
Rosana,ES,Spain,1963,Sin datos
Jatanpung,Sin datos,Sin datos,Sin datos,Sin datos
Akula,Sin datos,Ohio,2017,Sin datos
Estopa,ES,Spain,1999,Sin datos
Roberto Luti,IT,Italy,1977,Sin datos
The Pointer Sisters,US,United States,1969,Sin datos
Umberto Tozzi,IT,Italy,1952,Sin datos
Low,US,United States,1993,2023
Nick Lowe,GB,United Kingdom,1949,Sin datos
Tommy Torres,PR,Puerto Rico,1971,Sin datos
Kenny Loggins,US,United States,1948,Sin datos
Neil Sedaka,US,United States,1939,Sin datos
T.I.,US,United States,1980,Sin datos
Suresh Wadkar,IN,India,1955,Sin datos
Swans,US,United States,1982,Sin datos
The Lemon Pipers,US,United States,1966,1969
Wakin Chau,TW,Taiwan,1960,Sin datos
Dynamite Boy,US,United States,1995,2005
Better Than Ezra,US,United States,1988,Sin datos
Maggie Chiang,TW,Taiwan,1980,Sin datos
Rufio,US,United States,2001,2007
The Knife,SE,Sweden,1999,2014
Tarkan,TR,Türkiye,1972,Sin datos
Tom T. Hall,US,United States,1936,2021
Dear Nora,US,United States,1999,2008
Linkin Park,US,United States,1996,Sin datos
3 Doors Down,US,United States,1996,Sin datos
Deftones,US,United States,1988,Sin datos
Limp Bizkit,US,United States,1994,Sin datos
Disturbed,US,United States,1996,Sin datos
Toploader,GB,United Kingdom,1997,Sin datos
Bon Jovi,US,United States,1983,Sin datos
U2,IE,Ireland,1976,Sin datos
Radiohead,GB,United Kingdom,1991,Sin datos
A Perfect Circle,US,United States,1999,Sin datos
The Beatles,GB,United Kingdom,1960,1970
La Mosca Tse-Tse,AR,Argentina,1995,Sin datos
Gloria Gaynor,US,United States,1943,Sin datos
Insane Clown Posse,US,United States,1991,Sin datos
Rage Against The Machine,US,United States,1991,2024
The Hives,SE,Sweden,1993,Sin datos
Blur,GB,United Kingdom,1990,Sin datos
Switchfoot,US,United States,1997,Sin datos
Johnny Cash,US,United States,1932,2003
Marilyn Manson,US,United States,1989,Sin datos
Green Day,US,United States,1989,Sin datos
Cypress Hill,US,United States,1988,Sin datos
38 Special,US,United States,1974,Sin datos
Ryan Adams,US,United States,1974,Sin datos
Elliott Smith,US,United States,1969,2003
System Of A Down,US,United States,1994,Sin datos
Mägo De Oz,ES,Spain,1988,Sin datos
The Dandy Warhols,US,United States,1994,Sin datos
Queens Of The Stone Age,US,United States,1996,Sin datos
Lenny Kravitz,US,United States,1964,Sin datos
Metallica,US,United States,1981,Sin datos
In Flames,SE,Sweden,1990,Sin datos
Emmylou Harris,US,United States,1947,Sin datos
Ac/Dc,AU,Australia,1973,Sin datos
Flogging Molly,US,United States,1997,Sin datos
Pantera,US,United States,1982,2003
The Smashing Pumpkins,US,United States,1988,Sin datos
"Hank Williams, Jr.",US,United States,1949,Sin datos
Los Freddy'S,MX,Mexico,1962,Sin datos
Primer 55,US,United States,1997,2015
Steve Earle,US,United States,1955,Sin datos
Life Without Buildings,GB,United Kingdom,1999,2002
The White Stripes,US,United States,1997,2011
Dispatch,US,United States,1996,Sin datos
Nicole C. Mullen,US,United States,1967,Sin datos
Ricky Nelson,US,United States,1940,1985
John Hiatt,US,United States,1952,Sin datos
Marco Barrientos,US,United States,1963,Sin datos
Grupo Yndio,MX,Mexico,1972,Sin datos
Elton John,GB,United Kingdom,1947,Sin datos
Merle Haggard,US,United States,1937,2016
King Chango,US,United States,1995,Sin datos
Iron Maiden,GB,United Kingdom,1975,Sin datos
Yusuf / Cat Stevens,GB,United Kingdom,1948,Sin datos
Eric Clapton,GB,United Kingdom,1945,Sin datos
The Cure,GB,United Kingdom,1977,Sin datos
Mark Knopfler,GB,United Kingdom,1949,Sin datos
Warren Zevon,US,United States,1947,2003
Finger Eleven,CA,Canada,1996,Sin datos
Mac Powell,US,United States,1972,Sin datos
Silver Mt. Zion,CA,Canada,1999,Sin datos
Oasis,GB,United Kingdom,1991,Sin datos
Diana Ross,US,United States,1944,Sin datos
Dozer,SE,Sweden,1995,Sin datos
Orgy,US,United States,1994,Sin datos
Twiztid,US,United States,1997,Sin datos
Bodyjar,AU,Australia,1990,Sin datos
Incubus,US,United States,1991,Sin datos
James Taylor,US,United States,1948,Sin datos
Ween,US,United States,1984,Sin datos
Young Dubliners,US,United States,1988,Sin datos
Snake River Conspiracy,US,United States,Sin datos,Sin datos
Heather Dale,CA,Canada,Sin datos,Sin datos
Joe Cocker,GB,United Kingdom,1944,2014
Dan Zanes,US,United States,1961,Sin datos
Papa Roach,US,United States,1993,Sin datos
Don Henley,US,United States,1947,Sin datos
Tom Morello,US,United States,1964,Sin datos
Daft Punk,FR,France,1993,2021
Billy Preston,US,United States,1946,2006
Los Cafres,AR,Argentina,1987,Sin datos
Opm,US,United States,1999,Sin datos
Pearl Jam,US,United States,1990,Sin datos
Lynyrd Skynyrd,US,United States,1964,Sin datos
Deep Purple,GB,United Kingdom,1968,Sin datos
Joni Mitchell,CA,Canada,1943,Sin datos
Judas Priest,GB,United Kingdom,1969,Sin datos
Corrosion Of Conformity,US,United States,1982,Sin datos
Third Day,US,United States,1991,2018
Control Machete,MX,Mexico,1996,Sin datos
Los Rabanes,PA,Panama,1992,Sin datos
Still Water,FR,France,1958,Sin datos
Carpenters,US,United States,1968,1983
Neil Young,CA,Canada,1945,Sin datos
Bersuit Vergarabat,AR,Argentina,1987,Sin datos
Jorge Ben Jor,BR,Brazil,1942,Sin datos
Placebo,Sin datos,London,1994,Sin datos
Sharon Shannon,IE,Ireland,1968,Sin datos
The Weakerthans,CA,Canada,1996,2015
Atlanta Rhythm Section,US,United States,1970,Sin datos
Southpacific,CA,Canada,1996,Sin datos
Type O Negative,US,United States,1989,2010
Las Hermanas Núñez,MX,Mexico,Sin datos,Sin datos
Powderfinger,AU,Australia,1989,2010
Shellac,US,United States,1992,2024
Jesús Adrián Romero,MX,Mexico,1965,Sin datos
Tony Rebel,JM,Jamaica,1962,Sin datos
Explosions In The Sky,US,United States,1999,Sin datos
Daddy Cool,AU,Australia,1970,1972
Steely Dan,Sin datos,New York,1972,Sin datos
4Him,US,United States,1990,2006
The Clarks,US,United States,1986,Sin datos
The Polyphonic Spree,US,United States,2000,Sin datos
Mark Selby,US,United States,1961,2017
Los Roland'S,DE,Germany,1952,Sin datos
Los Tecolines,MX,Mexico,1950,Sin datos
Alice In Chains,US,United States,1987,Sin datos
Capleton,JM,Jamaica,1967,Sin datos
Dio,US,United States,1982,2010
Os Paralamas Do Sucesso,BR,Brazil,1977,Sin datos
Leo Sayer,GB,United Kingdom,1948,Sin datos
Faraquet,US,United States,1997,2001
Thousand Foot Krutch,CA,Canada,1997,Sin datos
La Gran Banda,CO,Colombia,Sin datos,Sin datos
Robbie Williams,GB,United Kingdom,1974,Sin datos
Dash Rip Rock,US,United States,1984,Sin datos
North Mississippi Allstars,Sin datos,Mississippi,1996,Sin datos
Poison,US,United States,1983,Sin datos
Vivanativa,PR,Puerto Rico,1997,Sin datos
The Brian Setzer Orchestra,US,United States,1990,Sin datos
(Hed) P.E.,US,United States,1994,Sin datos
George Thorogood & The Destroyers,US,United States,1976,Sin datos
Wild Cherry,US,United States,1970,1979
Phil Collins,GB,United Kingdom,1951,Sin datos
Freddie Mcgregor,JM,Jamaica,1956,Sin datos
Los Amigos Invisibles,VE,Venezuela,1991,Sin datos
Slobberbone,US,United States,1992,Sin datos
Kottonmouth Kings,US,United States,1996,Sin datos
Limi-T 21,US,United States,Sin datos,Sin datos
Jim'S Big Ego,Sin datos,Boston,1995,Sin datos
True Faith,PH,Philippines,1993,Sin datos
Len,CA,Canada,1991,Sin datos
Melvins,US,United States,1983,Sin datos
Nickelback,CA,Canada,1995,Sin datos
Creed,US,United States,1995,Sin datos
The Strokes,US,United States,1998,Sin datos
Gorillaz,Sin datos,England,1999,Sin datos
Rammstein,DE,Germany,1994,Sin datos
Mercyme,US,United States,1994,Sin datos
Tool,US,United States,1990,Sin datos
Journey,US,United States,1973,Sin datos
P.O.D.,US,United States,1992,Sin datos
Daryl Hall & John Oates,US,United States,1967,2024
Slipknot,US,United States,1995,Sin datos
Rob Zombie,US,United States,1965,Sin datos
Default,Sin datos,Vancouver,1999,Sin datos
Carole King,US,United States,1942,Sin datos
Billy Joel,US,United States,1949,Sin datos
Slightly Stoopid,US,United States,1995,Sin datos
Muse,GB,United Kingdom,1994,Sin datos
Andrew W.K.,Sin datos,Manhattan,1979,Sin datos
Yndio,MX,Mexico,1972,Sin datos
Celso Piña,MX,Mexico,1953,2019
Aerosmith,US,United States,1970,Sin datos
Dion,CA,Canada,1968,Sin datos
Nitty Gritty Dirt Band,US,United States,1966,Sin datos
Ozzy Osbourne,Sin datos,Los Angeles,1948,Sin datos
Slayer,US,United States,1981,2019
Eddie Money,US,United States,1949,2019
Michael W. Smith,US,United States,1957,Sin datos
Megadeth,US,United States,1983,Sin datos
Grateful Dead,US,United States,1965,1995
Gov'T Mule,US,United States,1994,Sin datos
Tenacious D,US,United States,1994,Sin datos
Ben Folds,US,United States,1966,Sin datos
Beres Hammond,JM,Jamaica,1955,Sin datos
Static-X,US,United States,1994,Sin datos
Los Amantes De Lola,MX,Mexico,1987,Sin datos
Dan Fogelberg,US,United States,1951,2007
Butthole Surfers,US,United States,1982,Sin datos
Black Rebel Motorcycle Club,US,United States,1998,Sin datos
Garbage,US,United States,1994,Sin datos
Wings,GB,United Kingdom,1971,1981
They Might Be Giants,US,United States,1982,Sin datos
R.E.M.,US,United States,1980,2011
Bee Gees,GB,United Kingdom,1958,2003
Long Beach Dub Allstars,US,United States,1997,Sin datos
Spoon,US,United States,1994,Sin datos
Pinback,US,United States,1998,Sin datos
Focus,NL,Netherlands,1969,Sin datos
Whiskeytown,US,United States,1994,1999
Los Angeles Negros,CL,Chile,1968,Sin datos
Paul Mccartney,GB,United Kingdom,1942,Sin datos
Old 97'S,US,United States,1993,Sin datos
Mountain,US,United States,1969,Sin datos
Tesla,US,United States,1981,Sin datos
Tex Tex,MX,Mexico,1985,Sin datos
Stereophonics,GB,United Kingdom,1996,Sin datos
Godhead,US,United States,1994,Sin datos
Simon & Garfunkel,US,United States,1963,1970
Los Apson,MX,Mexico,1957,Sin datos
Stevie Nicks,US,United States,1948,Sin datos
John Frusciante,Sin datos,Los Angeles,1970,Sin datos
New Order,GB,United Kingdom,1980,Sin datos
Tijuana No!,MX,Mexico,Sin datos,2002
Los Baby'S,Sin datos,Sin datos,Sin datos,Sin datos
Treble Charger,CA,Canada,1992,Sin datos
Converge,US,United States,1990,Sin datos
Stone Temple Pilots,US,United States,1990,Sin datos
Tomahawk,US,United States,2000,Sin datos
Charlie Megira,IL,Israel,1972,2016
Pink Floyd,Sin datos,England,1965,2014
Dropkick Murphys,US,United States,1996,Sin datos
Los Reno,Sin datos,Monterrey,1964,Sin datos
El Haragán Y Compañía,MX,Mexico,1989,Sin datos
Feeder,GB,United Kingdom,1995,Sin datos
Bush,GB,United Kingdom,1992,Sin datos
Noir Désir,FR,France,1980,2010
Starsailor,GB,United Kingdom,2000,Sin datos
Audio Adrenaline,US,United States,1991,2017
Judy Collins,US,United States,1939,Sin datos
Jorge Drexler,UY,Uruguay,1964,Sin datos
Rojo,MX,Mexico,1999,Sin datos
Jon Secada,US,United States,1961,Sin datos
Alejandro Escovedo,US,United States,1951,Sin datos
"Phillips, Craig & Dean",Sin datos,Sin datos,1991,Sin datos
Cuca,MX,Mexico,1989,Sin datos
The Cult,GB,United Kingdom,1983,Sin datos
Kreator,DE,Germany,1984,Sin datos
David Bowie,Sin datos,England,1947,2016
Head East,US,United States,1969,Sin datos
Dan Hill,CA,Canada,1954,Sin datos
Depeche Mode,GB,United Kingdom,1980,Sin datos
Chris Tomlin,US,United States,1972,Sin datos
Headstones,Sin datos,Kingston,1989,Sin datos
Junior Kelly,JM,Jamaica,1969,Sin datos
Charlie Brown Jr.,BR,Brazil,1992,2013
Greenleaf,SE,Sweden,1999,Sin datos
The Gregg Allman Band,US,United States,1986,Sin datos
El Tri,MX,Mexico,1984,Sin datos
Clutch,US,United States,1990,Sin datos
The Rapture,US,United States,1998,Sin datos
Pixies,US,United States,1986,Sin datos
Steven Curtis Chapman,US,United States,1962,Sin datos
Reveille,US,United States,1998,2003
Philip Bailey,US,United States,1951,Sin datos
Frejat,BR,Brazil,1962,Sin datos
Los Dandys,MX,Mexico,1958,Sin datos
Leftöver Crack,US,United States,2000,Sin datos
Zoé,MX,Mexico,1997,Sin datos
Soda Stereo,AR,Argentina,1983,2007
Sam Cooke,US,United States,1931,1964
Teddy Wilson,US,United States,1912,1986
Bonobo,GB,United Kingdom,1976,Sin datos
Urban Knights,US,United States,Sin datos,Sin datos
Euge Groove,US,United States,1962,Sin datos
Wes Montgomery,US,United States,1923,1968
Jeff Kashiwa,US,United States,1963,Sin datos
Club 1600,Sin datos,Sin datos,Sin datos,Sin datos
Gota,JP,Japan,1962,Sin datos
St Germain,FR,France,1973,Sin datos
Nat King Cole Trio,US,United States,1937,1950
Paul Taylor,US,United States,1960,Sin datos
Michael Lington,US,United States,1969,Sin datos
Kirk Whalum,US,United States,1958,Sin datos
Jay Beckenstein,US,United States,1951,Sin datos
Jeff Golub,US,United States,1955,2015
Alex Bugnon,CH,Switzerland,1958,Sin datos
Chet Baker,US,United States,1929,1988
Spur Of The Moment,Sin datos,Sin datos,Sin datos,Sin datos
Duke Ellington,US,United States,1899,1974
De La Soul,US,United States,1987,Sin datos
Kenny Dorham,US,United States,1924,1972
Gregg Karukas,US,United States,1956,Sin datos
Jackie Mclean,US,United States,1932,2006
Guru,DE,Germany,1968,Sin datos
Fattburger,US,United States,1985,Sin datos
Everette Harp,US,United States,1961,Sin datos
Oscar Peterson,CA,Canada,1925,2007
Boney James,US,United States,1961,Sin datos
Amon Tobin,BR,Brazil,1972,Sin datos
Greyboy,Sin datos,California,Sin datos,Sin datos
Yonderboi,HU,Hungary,1980,Sin datos
John Coltrane,US,United States,1926,1967
Machito,Sin datos,New York,1908,1984
Gotan Project,FR,France,1999,Sin datos
Pat Metheny Trio,US,United States,Sin datos,Sin datos
Hank Mobley,US,United States,1930,1986
A Reminiscent Drive,BE,Belgium,Sin datos,Sin datos
Sidney Bechet,US,United States,1897,1959
Nancy Wilson,US,United States,1937,2018
Nite Flyte,GB,United Kingdom,1997,Sin datos
Acoustic Alchemy,GB,United Kingdom,1981,Sin datos
Ken Navarro,US,United States,1953,Sin datos
The Rippingtons,US,United States,1986,Sin datos
George Benson,US,United States,1943,Sin datos
The Cannonball Adderley Quintet,US,United States,Sin datos,Sin datos
Don Byas,NL,Netherlands,1912,1972
Ruth Cameron,US,United States,1947,2021
Stacey Kent,US,United States,1968,Sin datos
Ugly Duckling,US,United States,1993,Sin datos
Ben Webster,US,United States,1909,1973
Martha Tilton,US,United States,1915,2006
Steve Cole,US,United States,1971,Sin datos
Chris Barber,GB,United Kingdom,1930,2021
Dzihan & Kamien,AT,Austria,1996,Sin datos
Ltj Bukem,GB,United Kingdom,1967,Sin datos
Mo' Horizons,DE,Germany,1999,Sin datos
3Rd Force,US,United States,1994,Sin datos
Us3,GB,United Kingdom,1991,Sin datos
Louis Armstrong,US,United States,1901,1971
Billy Bauer,US,United States,1915,2005
Anouar Brahem,TN,Tunisia,1957,Sin datos
Poncho Sanchez,US,United States,1951,Sin datos
Lustmord,GB,United Kingdom,1964,Sin datos
Zoe Spencer,MX,Mexico,1997,Sin datos
Larry Carlton,US,United States,1948,Sin datos
Nicola Conte,IT,Italy,1964,Sin datos
Tom Grant,US,United States,1946,Sin datos
Joe Mcbride,US,United States,Sin datos,Sin datos
B.B. King,US,United States,1925,2015
Mary Lou Williams,US,United States,1910,1981
Fourplay,US,United States,1990,Sin datos
Dan Siegel,US,United States,1954,Sin datos
Laura Fygi,NL,Netherlands,1955,Sin datos
Ruben Gonzalez,ES,Spain,Sin datos,Sin datos
Mocean Worker,US,United States,Sin datos,Sin datos
Incognito,GB,United Kingdom,1979,Sin datos
La Playa Sextet,Sin datos,Sin datos,Sin datos,Sin datos
Brooklyn Funk Essentials,US,United States,1993,Sin datos
Biréli Lagrène,FR,France,1966,Sin datos
Ronny Jordan,GB,United Kingdom,1962,2014
Abdullah Ibrahim,ZA,South Africa,1934,Sin datos
Bobby Jaspar,BE,Belgium,1926,1963
Funky Dl,GB,United Kingdom,1977,Sin datos
Marion Meadows,US,United States,Sin datos,Sin datos
Cuba L.A.,Sin datos,Sin datos,Sin datos,Sin datos
Mark Turner,US,United States,1965,Sin datos
"Medeski, Martin & Wood",US,United States,1991,Sin datos
Cali Agents,US,United States,Sin datos,Sin datos
Marcus Johnson,US,United States,Sin datos,Sin datos
Al Jarreau,US,United States,1940,2017
Chucho Valdés,CU,Cuba,1941,Sin datos
Roy Ayers Ubiquity,US,United States,Sin datos,Sin datos
Tsuyoshi Yamamoto Trio,JP,Japan,1974,Sin datos
Jacques Loussier Trio,FR,France,1959,Sin datos
The Mighty Bop,FR,France,Sin datos,Sin datos
Lena Horne,US,United States,1917,2010
The J.B.'S,US,United States,1970,Sin datos
Ananda Project,US,United States,1972,Sin datos
Horace Silver Quintet,US,United States,1956,Sin datos
Doctor Rockit,GB,United Kingdom,1972,Sin datos
Afro-Cuban All Stars,CU,Cuba,1996,Sin datos
Bill Charlap Trio,US,United States,Sin datos,Sin datos
Abbey Lincoln,US,United States,1930,2010
Steve Smith,US,United States,1954,Sin datos
Count Basic,AT,Austria,1991,Sin datos
Fletcher Henderson,US,United States,1897,1952
Bob Baldwin,US,United States,1960,Sin datos
João Donato,BR,Brazil,1934,2023
Lisa Ono,JP,Japan,1962,Sin datos
Sonny Rollins,US,United States,1930,Sin datos
Acker Bilk,GB,United Kingdom,1929,2014
"Earth, Wind & Fire",US,United States,1969,Sin datos
Minus 8,CH,Switzerland,1967,Sin datos
Joe Mcphee,US,United States,1939,Sin datos
David Benoit,US,United States,1953,Sin datos
Susannah Mccorkle,US,United States,1946,2001
People Under The Stairs,US,United States,1997,2019
Esbjörn Svensson Trio,SE,Sweden,1990,2008
Jungle Brothers,US,United States,1987,Sin datos
Kenny Burrell,US,United States,1931,Sin datos
Stan Getz,US,United States,1927,1991
The Funky Lowlives,GB,United Kingdom,1998,Sin datos
Chieli Minucci,US,United States,1958,Sin datos
Duke Ellington & His Washingtonians,Sin datos,Sin datos,Sin datos,Sin datos
Roy Hargrove,US,United States,1969,2018
Art Tatum,US,United States,1909,1956
Jacky Terrasson,FR,France,1965,Sin datos
Carmen Mcrae,US,United States,1920,1994
Warren Hill,CA,Canada,1966,Sin datos
Till Brönner,DE,Germany,1971,Sin datos
Helen O'Connell,US,United States,1920,1993
Marc Antoine,Sin datos,Madrid,1963,Sin datos
Chris Standring,GB,United Kingdom,1960,Sin datos
Keith Jarrett Trio,US,United States,Sin datos,Sin datos
Ketil Bjørnstad,NO,Norway,1952,Sin datos
June Christy,US,United States,1925,1990
Patrick Yandall,US,United States,1959,Sin datos
Sidney Bechet And His New Orleans Feetwarmers,US,United States,Sin datos,Sin datos
Arne Domnérus,SE,Sweden,1924,2008
Richard Elliot,Sin datos,Los Angeles,1960,Sin datos
Brenda Fassie,ZA,South Africa,1964,2004
Bobo Stenson Trio,Sin datos,Sin datos,Sin datos,Sin datos
Peggy Lee,US,United States,1920,2002
Tony Bennett,US,United States,1926,2023
The Brand New Heavies,GB,United Kingdom,1985,Sin datos
Norman Connors,US,United States,1947,Sin datos
Kinobe,GB,United Kingdom,Sin datos,Sin datos
Ray Barretto,US,United States,1929,2006
Allan Holdsworth,GB,United Kingdom,1946,2017
Patato,CU,Cuba,1926,2007
Charles Lloyd,US,United States,1938,Sin datos
Hacienda,DE,Germany,Sin datos,Sin datos
Mark O'Connor,US,United States,1961,Sin datos
Sweet Smoke,US,United States,1967,1974
Stereo Action Unlimited,Sin datos,Sin datos,Sin datos,Sin datos
Fats Waller,US,United States,1904,1943
Silje Nergaard,NO,Norway,1966,Sin datos
Nils Petter Molvær,NO,Norway,1960,Sin datos
Jacques Loussier,FR,France,1934,2019
Jimmy Bosch,US,United States,1960,Sin datos
Dizzy Gillespie,US,United States,1917,1993
Lester Young,US,United States,1909,1959
Enrico Pieranunzi,IT,Italy,1949,Sin datos
Joshua Redman,US,United States,1969,Sin datos
Milt Buckner,US,United States,1915,1977
Fingathing,GB,United Kingdom,1998,Sin datos
King Crimson,GB,United Kingdom,1968,Sin datos
Miles Davis,US,United States,1926,1991
Billie Holiday,US,United States,1915,1959
Paul Desmond Quartet,Sin datos,Sin datos,Sin datos,Sin datos
Nickodemus,US,United States,Sin datos,Sin datos
Tin Hat Trio,US,United States,1997,2004
Brenda Russell,US,United States,1949,Sin datos
Fpm,JP,Japan,1966,Sin datos
Gianluigi Trovesi,IT,Italy,1944,Sin datos
Stéphane Grappelli,FR,France,1908,1997
Chivirico Davila,US,United States,1924,1994
Jean-Luc Ponty,FR,France,1942,Sin datos
Nathan Haines,NZ,New Zealand,1972,Sin datos
Elis Regina,BR,Brazil,1945,1982
Souls Of Mischief,US,United States,1991,Sin datos
Hugh Masekela,ZA,South Africa,1939,2018
Patricia Barber,US,United States,1955,Sin datos
Django Reinhardt,FR,France,1910,1953
Sid Catlett,US,United States,1910,1951
Sons And Daughters Of Lite,Sin datos,Sin datos,Sin datos,Sin datos
Can 7,DE,Germany,1964,Sin datos
Vital Techtones,NZ,New Zealand,Sin datos,Sin datos
Charlie Hunter,US,United States,1967,Sin datos
Frank Gambale,AU,Australia,1958,Sin datos
Pleasure,US,United States,1972,1983
Jimmy Smith,US,United States,1925,2005
Soundscape Uk,Sin datos,Sin datos,Sin datos,Sin datos
Jan Hammer,US,United States,1948,Sin datos
Pete Escovedo,US,United States,1935,Sin datos
¡Cubanismo!,Sin datos,Sin datos,Sin datos,Sin datos
Batacumbele,PR,Puerto Rico,1979,Sin datos
The Hot Club Of San Francisco,Sin datos,San Francisco,Sin datos,Sin datos
Sam Levine,US,United States,Sin datos,Sin datos
Ed Motta,BR,Brazil,1971,Sin datos
Benny Goodman,US,United States,1909,1986
Dinah Washington,US,United States,1924,1963
Anthony Braxton,US,United States,1945,Sin datos
Mark De Clive-Lowe,Sin datos,Los Angeles,1974,Sin datos
Jelly Roll Morton & His Red Hot Peppers,US,United States,Sin datos,Sin datos
Charlie Christian,US,United States,1916,1942
Orchestre De La Paillote,GN,Guinea,Sin datos,Sin datos
Horace Tapscott,US,United States,1934,1999
Shakatak,GB,United Kingdom,1980,Sin datos
Gene Ammons,US,United States,1925,1974
Ringo Madlingozi,ZA,South Africa,Sin datos,Sin datos
Ramsey Lewis,US,United States,1935,2022
Kenny Ball,GB,United Kingdom,1930,2013
Bembeya Jazz National,GN,Guinea,1961,Sin datos
Taj Mahal,US,United States,1942,Sin datos
Pat Metheny Group,US,United States,1978,Sin datos
George Duke,US,United States,1946,2013
Bobby Valentin,PR,Puerto Rico,1941,Sin datos
Rosemary Clooney,US,United States,1928,2002
Tülay German,TR,Türkiye,1935,Sin datos
Quantic,Sin datos,Bogotá,Sin datos,Sin datos
Joyce Cooling,US,United States,1949,Sin datos
Rick Braun,US,United States,1955,Sin datos
Kim Waters,US,United States,1965,Sin datos
Four80East,CA,Canada,1997,Sin datos
Dave Brubeck,US,United States,1920,2012
Freddie Ravel,US,United States,Sin datos,Sin datos
Brian Tarquin,US,United States,1965,Sin datos
Nat King Cole,US,United States,1919,1965
Pete Rock,US,United States,1970,Sin datos
Jeff Lorber,US,United States,1952,Sin datos
Peter White,GB,United Kingdom,1954,Sin datos
Etta James,US,United States,1938,2012
Hank Jones,US,United States,1918,2010
Boozoo Bajou,DE,Germany,1998,Sin datos
Koop,SE,Sweden,1995,Sin datos
Tower Of Power,US,United States,1967,Sin datos
Wayman Tisdale,US,United States,1964,2009
"Orlando ""Cachaíto"" López",CU,Cuba,1933,2009
Brian Culbertson,US,United States,1973,Sin datos
Candy Dulfer,NL,Netherlands,1969,Sin datos
Kurt Elling,US,United States,1967,Sin datos
George Shearing,GB,United Kingdom,1919,2011
Tito Puente,US,United States,1923,2000
El Prodigio,DO,Dominican Republic,1976,Sin datos
Michael Brecker,US,United States,1949,2007
Jim Tomlinson,GB,United Kingdom,1966,Sin datos
Dr. John,US,United States,1941,2019
Dean Martin,US,United States,1917,1995
4Hero,GB,United Kingdom,1989,Sin datos
Chris Botti,US,United States,1962,Sin datos
Clifford Brown,US,United States,1930,1956
Bud Powell,US,United States,1924,1966
Typical Cats,US,United States,Sin datos,Sin datos
Pieces Of A Dream,US,United States,1975,Sin datos
Alfonzo Blackwell,US,United States,Sin datos,Sin datos
Gordon Goodwin'S Big Phat Band,US,United States,1999,Sin datos
Toshiyuki Honda,JP,Japan,1957,Sin datos
Coleman Hawkins,US,United States,1904,1969
Letta Mbulu,ZA,South Africa,1942,Sin datos
Karrin Allyson,US,United States,1963,Sin datos
Special Efx,Sin datos,Sin datos,Sin datos,Sin datos
"Paul Jackson, Jr.",US,United States,1959,Sin datos
Rubén Blades,PA,Panama,1948,Sin datos
Llorca,Sin datos,Paris,1974,Sin datos
Dhafer Youssef,TN,Tunisia,1967,Sin datos
Sonny Clark,US,United States,1931,1963
Quincy Jones,US,United States,1933,Sin datos
猪俣 猛,JP,Japan,1936,Sin datos
Karl Denson,US,United States,1956,Sin datos
Mario Bauzá,US,United States,1911,1993
The Chick Corea New Trio,Sin datos,Sin datos,Sin datos,Sin datos
Mc Solaar,FR,France,1969,Sin datos
Ralph Towner,US,United States,1940,Sin datos
Major Boys,FR,France,1999,2006
The Method,GB,United Kingdom,Sin datos,Sin datos
Keiko Matsui,Sin datos,Los Angeles,1961,Sin datos
Soulive,US,United States,1999,Sin datos
Charlie Haden,US,United States,1937,2014
Dancing Mood,AR,Argentina,2000,Sin datos
Maudlin Of The Well,US,United States,1996,Sin datos
Misha Alperin,UA,Ukraine,1956,2018
Shazz,FR,France,1967,Sin datos
The Meters,US,United States,1965,Sin datos
Asheru And Blue Black Of The Unspoken Heard,US,United States,Sin datos,Sin datos
Artie Shaw,US,United States,1910,2004
Variety Lab,FR,France,2002,Sin datos
Masayoshi Takanaka,JP,Japan,1953,Sin datos
Lone Catalysts Featuring Talib Kweli And Rubix,US,United States,1975,Sin datos
The Pharcyde,US,United States,1989,Sin datos
Bobby Darin,US,United States,1936,1973
Bill Frisell,US,United States,1951,Sin datos
Luis Arcaraz Y Su Orquesta,MX,Mexico,Sin datos,Sin datos
Russell Malone,US,United States,1963,2024
Dublex Inc.,DE,Germany,Sin datos,Sin datos
Kurt Rosenwinkel,US,United States,1970,Sin datos
Mccoy Tyner,US,United States,1938,2020
Kevin Toney,US,United States,1953,2024
Thelonious Monk,US,United States,1917,1982
Phil Perry,US,United States,1952,Sin datos
Kankick,US,United States,Sin datos,Sin datos
Chuck Loeb,US,United States,1955,2017
Isham Jones,US,United States,1894,1956
De-Phazz,DE,Germany,1997,Sin datos
Jeff Beck,GB,United Kingdom,1944,2023
Tito Puente & His Orchestra,Sin datos,Sin datos,Sin datos,Sin datos
All Natural,US,United States,1997,Sin datos
Al Jolson,US,United States,1886,1950
Jaga Jazzist,NO,Norway,1994,Sin datos
Gerardo Frisina,IT,Italy,Sin datos,Sin datos
Fapy Lafertin Quintet,BE,Belgium,Sin datos,Sin datos
Thunderball,US,United States,1997,Sin datos
Micatone,DE,Germany,1999,Sin datos
Marcus Miller,US,United States,1959,Sin datos
Hank Garland,US,United States,1930,2004
Orbient,Sin datos,Sin datos,Sin datos,Sin datos
Basia,US,United States,1954,Sin datos
Bryan Savage,US,United States,Sin datos,Sin datos
Lee Ritenour,US,United States,1952,Sin datos
Ben Tankard,US,United States,1964,Sin datos
Chris Potter,US,United States,1971,Sin datos
Sergent Garcia,FR,France,Sin datos,Sin datos
Charles Schillings,FR,France,1966,Sin datos
Buddy Rich,US,United States,1917,1987
Russ Freeman,US,United States,1960,Sin datos
Duncan Millar,GB,United Kingdom,Sin datos,Sin datos
"Harry Connick, Jr.",US,United States,1967,Sin datos
Lionel Hampton Quintet,Sin datos,Sin datos,Sin datos,Sin datos
Zuco 103,NL,Netherlands,1999,Sin datos
David Hazeltine,US,United States,1958,Sin datos
Luis Salinas,AR,Argentina,1957,Sin datos
Fettes Brot,DE,Germany,1992,2023
John Coltrane Quartet,US,United States,1959,1965
Etta Jones,US,United States,1928,2001
Vanessa Rubin,US,United States,1957,Sin datos
Woody Herman & His Orchestra,US,United States,Sin datos,Sin datos
Sammy Davis Jr.,US,United States,1925,1990
Flying Pop'S,FR,France,Sin datos,Sin datos
Soulful Sounds,Sin datos,Sin datos,Sin datos,Sin datos
Roy Eldridge,US,United States,1911,1989
Leonid Utyosov,SU,Soviet Union,1929,1947
Skalariak,ES,Spain,1994,2008
Waldeck,AT,Austria,Sin datos,Sin datos
Joe Williams,US,United States,1918,1999
Janet Seidel,AU,Australia,1955,2017
The Groove,ID,Indonesia,1997,Sin datos
Pat Martino,US,United States,1944,2021
Jack Mcduff,US,United States,1926,2001
Lemongrass,DE,Germany,Sin datos,Sin datos
Jazz Jamaica All Stars,Sin datos,Sin datos,Sin datos,Sin datos
Solid State,GB,United Kingdom,1994,2000
Imada,Sin datos,Sin datos,Sin datos,Sin datos
Bucky Pizzarelli,US,United States,1926,2020
Estradasphere,Sin datos,Seattle,1999,2010
Arsenio Rodríguez,CU,Cuba,1911,1971
Art Blakey Quintet,US,United States,Sin datos,Sin datos
The Black Seeds,NZ,New Zealand,1998,Sin datos
Sam Rivers,US,United States,1923,2011
Angie Winans,US,United States,1968,Sin datos
Oliver Mtukudzi,ZW,Zimbabwe,1952,2019
Phoebe Snow,US,United States,1950,2011
Jane Monheit,US,United States,1977,Sin datos
Viktoria Tolstoy,SE,Sweden,1974,Sin datos
Arturo Sandoval,US,United States,1949,Sin datos
Dominic Miller,GB,United Kingdom,1960,Sin datos
Groove Collective,US,United States,1990,Sin datos
Art Blakey & The Jazz Messengers,US,United States,1954,1990
Diane Schuur,US,United States,1953,Sin datos
Taylor Eigsti,US,United States,1984,Sin datos
Bugge Wesseltoft,NO,Norway,1964,Sin datos
Chuck Mangione,US,United States,1940,Sin datos
Guy Barker,GB,United Kingdom,1957,Sin datos
Marilyn Scott,US,United States,1949,Sin datos
Lionel Hampton,US,United States,1908,2002
Hardkandy,Sin datos,Sin datos,Sin datos,Sin datos
Yoshinori Sunahara,JP,Japan,1969,Sin datos
Sertab Erener,TR,Türkiye,1964,Sin datos
Madrid De Los Austrias,AT,Austria,Sin datos,Sin datos
Tania Maria,BR,Brazil,1948,Sin datos
Astrud Gilberto,BR,Brazil,1940,2023
Walter Page'S Blue Devils,US,United States,Sin datos,Sin datos
Dorothy Masuka,ZA,South Africa,1935,2019
Stéphane Pompougnac,FR,France,1968,Sin datos
Dave Koz,US,United States,1963,Sin datos
Marc Moulin,BE,Belgium,1942,2008
The Brothers Johnson,US,United States,1975,2015
Humphrey Lyttelton,GB,United Kingdom,1921,2008
New York Ska-Jazz Ensemble,US,United States,1994,Sin datos
Frédéric Chopin,PL,Poland,1810,1849
Ludwig Van Beethoven,DE,Germany,1770,1827
Ryuichi Sakamoto,JP,Japan,1952,2023
Wolfgang Amadeus Mozart,AT,Austria,1756,1791
Peter Sculthorpe,AU,Australia,1929,2014
Johann Sebastian Bach,DE,Germany,1685,1750
Niccolò Paganini,IT,Italy,1782,1840
Alexander Scriabin,RU,Russia,1872,1915
Benjamin Frith,GB,United Kingdom,1957,Sin datos
Edvard Grieg,NO,Norway,1843,1907
Felix Mendelssohn,DE,Germany,1809,1847
Sergei Rachmaninoff,RU,Russia,1873,1943
Franz Liszt,HU,Hungary,1811,1886
Dmitri Shostakovich,RU,Russia,1961,Sin datos
Jacques Ibert,FR,France,1890,1962
Gabriel Fauré,FR,France,1845,1924
Antonín Dvořák,CZ,Czechia,1841,1904
Nobuo Uematsu,Sin datos,Sin datos,Sin datos,Sin datos
Rhapsody,IT,Italy,1995,1994
Henry Purcell,GB,United Kingdom,1659,1695
Camille Saint-Saëns,FR,France,1835,1921
Giuseppe Verdi,IT,Italy,1813,1901
Claude Debussy,FR,France,1862,1918
Erik Satie,FR,France,1866,1925
Nevermore,US,United States,1991,2011
Luigi Cherubini,FR,France,1760,1842
Trans-Siberian Orchestra,US,United States,1996,Sin datos
Oskar Merikanto,FI,Finland,1868,1924
Francis Poulenc,FR,France,1899,1963
Yo-Yo Ma,FR,France,1955,Sin datos
Antonio Lauro,VE,Venezuela,1917,1986
Antonio Vivaldi,IT,Italy,1678,1741
William Walton,GB,United Kingdom,1902,1983
Georg Philipp Telemann,DE,Germany,1681,1767
George Frideric Handel,GB,United Kingdom,1685,1759
Anton Bruckner,AT,Austria,1824,1896
M. S. Subbulakshmi,IN,India,1916,2004
Pyotr Ilyich Tchaikovsky,RU,Russia,1840,1893
Michael Nyman,GB,United Kingdom,1944,Sin datos
Symphony X,US,United States,1994,Sin datos
Wilhelm Stenhammar,SE,Sweden,1871,1927
Uli Jon Roth,DE,Germany,1954,Sin datos
Sirkazhi Govindarajan,Sin datos,Sin datos,Sin datos,Sin datos
John Field,IE,Ireland,1782,1837
Giacomo Puccini,IT,Italy,1858,1924
Michael Haydn,AT,Austria,1737,1806
Priya Sisters,Sin datos,Chennai,Sin datos,Sin datos
Napoléon Coste,FR,France,1805,1883
Miguel Llobet Solés,ES,Spain,1878,1938
Gustav Mahler,AT,Austria,1860,1911
Tan Dun,CN,China,1957,Sin datos
Giovanni Pierluigi Da Palestrina,IT,Italy,1525,1594
Andrew York,US,United States,1958,Sin datos
Manuel De Falla,ES,Spain,1876,1946
Ricardo Cobo,CO,Colombia,Sin datos,Sin datos
Alessandro Marcello,IT,Italy,1669,1747
Lalo Schifrin,AR,Argentina,1932,Sin datos
Květa Novotná,CZ,Czechia,1950,2015
Elena Kuschnerova,RU,Russia,1959,Sin datos
Leo Brouwer,CU,Cuba,1939,Sin datos
Philip Glass,US,United States,1937,Sin datos
Agustín Barrios Mangoré,PY,Paraguay,1885,1944
Samuel Barber,US,United States,1910,1981
Howard Hanson,US,United States,1896,1981
Michio Miyagi,JP,Japan,1894,1956
Gerald Finzi,GB,United Kingdom,1901,1956
Astor Piazzolla,AR,Argentina,1921,1992
Karl Jenkins,GB,United Kingdom,1944,Sin datos
Joseph Haydn,AT,Austria,1732,1809
Franz Schubert,AT,Austria,1797,1828
Ralph Vaughan Williams,GB,United Kingdom,1872,1958
Sergio Assad,BR,Brazil,1952,Sin datos
Maria Callas,GR,Greece,1923,1977
Alfred Hill,AU,Australia,1869,1960
Heavenly,GB,United Kingdom,1989,1996
Cyril Scott,GB,United Kingdom,1879,1970
Dark Moor,ES,Spain,1993,Sin datos
Vincenzo Bellini,IT,Italy,1801,1835
Maurice Ravel,FR,France,1875,1937
Charles Gounod,FR,France,1818,1893
Johann Strauss I,AT,Austria,1804,1849
Francisco Tárrega,ES,Spain,1852,1909
Stratovarius,FI,Finland,1984,Sin datos
Ravi Shankar,IN,India,1920,2012
Takashi Yoshimatsu,JP,Japan,1953,Sin datos
Jean Sibelius,FI,Finland,1865,1957
Carl Philipp Emanuel Bach,DE,Germany,1714,1788
Enrique Granados,ES,Spain,1867,1916
John Corigliano,US,United States,1938,Sin datos
Richard Wagner,DE,Germany,1813,1883
Jean-Baptiste Lully,FR,France,1632,1687
Selim Palmgren,FI,Finland,1878,1951
Harold Budd,US,United States,1936,2020
Giacomo Meyerbeer,DE,Germany,1791,1864
Georges Bizet,FR,France,1838,1875
Michael Abels,US,United States,1962,Sin datos
Isaac Albéniz,ES,Spain,1860,1909
Yoko Kanno,JP,Japan,1964,Sin datos
Jennifer Higdon,US,United States,1962,Sin datos
Henryk Wieniawski,PL,Poland,1835,1880
Giuseppe Tartini,IT,Italy,1692,1770
Ahn Trio,US,United States,Sin datos,Sin datos
Josquin Des Prez,Sin datos,Flanders,1450,1521
Jiří Antonín Benda,DE,Germany,1722,1795
Max Bruch,DE,Germany,1838,1920
Johannes Brahms,DE,Germany,1833,1897
Edward Macdowell,US,United States,1860,1908
George Frederick Pinto,GB,United Kingdom,1685,1759
Olivier Messiaen,FR,France,1908,1992
Sergei Prokofiev,RU,Russia,1891,1953
Benjamin Britten,GB,United Kingdom,1913,1976
Ismail Sheikh,Sin datos,London,2014,Sin datos
Gustavo Santaolalla,AR,Argentina,1951,Sin datos
George Gershwin,US,United States,1898,1937
A. Kanyakumari,IN,India,Sin datos,Sin datos
Rajhesh Vaidhya,IN,India,Sin datos,Sin datos
Ayreon,NL,Netherlands,1995,Sin datos
Amilcare Ponchielli,IT,Italy,1834,1886
Tomaso Albinoni,IT,Italy,1671,1751
S. Sowmya,Sin datos,Sin datos,1969,Sin datos
Anders Miolin,SE,Sweden,1961,Sin datos
Max Reger,DE,Germany,1873,1916
Charles Villiers Stanford,GB,United Kingdom,1852,1924
Accademia Bizantina,IT,Italy,1983,Sin datos
Nikolai Rimsky-Korsakov,RU,Russia,1844,1908
Alberto Ginastera,AR,Argentina,1916,1983
John Rutter,GB,United Kingdom,1945,Sin datos
César Franck,FR,France,1822,1890
Johann Joachim Quantz,DE,Germany,1697,1773
Pandit Jasraj,IN,India,1930,2020
Modest Mussorgsky,RU,Russia,1839,1881
Wynton Marsalis,US,United States,1961,Sin datos
Johannes Ockeghem,Sin datos,Flanders,1410,1497
Jean-Philippe Rameau,FR,France,1683,1764
John Adams,US,United States,1947,Sin datos
Harry Partch,US,United States,1901,1974
Alan Hovhaness,US,United States,1911,2000
Marc Blitzstein,US,United States,1905,1964
Håvard Gimse,NO,Norway,1966,Sin datos
Bhimsen Joshi,IN,India,1922,2011
Franz Xaver Richter,AT,Austria,1709,1789
Yiruma,KR,South Korea,1978,Sin datos
Howard Shore,CA,Canada,1946,Sin datos
Joe Hisaishi,JP,Japan,1950,Sin datos
Ludovico Einaudi,IT,Italy,1955,Sin datos
Bombay Jayashri,IN,India,Sin datos,Sin datos
Arcangelo Corelli,IT,Italy,1653,1713
Clara Schumann,DE,Germany,1819,1896
Randall Wolfgang,Sin datos,Sin datos,Sin datos,Sin datos
Edward Elgar,GB,United Kingdom,1857,1934
Chris Thile,US,United States,1981,Sin datos
Giuseppe Torelli,IT,Italy,1658,1709
Hector Berlioz,FR,France,1803,1869
Francois-Joseph Gossec,FR,France,1734,1829
Vladimir Horowitz,US,United States,1903,1989
Hilmar Örn Hilmarsson,IS,Iceland,1958,Sin datos
John Mccormack,IE,Ireland,1884,1945
Giovanni Benedetto Platti,IT,Italy,1697,1763
Racer X,US,United States,1985,Sin datos
Marin Marais,FR,France,1656,1728
Jules Massenet,FR,France,1842,1912
Christoph Willibald Gluck,DE,Germany,1714,1787
Angra,BR,Brazil,1991,Sin datos
Archibald James Potter,IE,Ireland,1918,1980
Dragonland,SE,Sweden,1999,Sin datos
John Ireland,GB,United Kingdom,1879,1962
Andrea Bocelli,IT,Italy,1958,Sin datos
Claudio Monteverdi,IT,Italy,1567,1643
Luciano Pavarotti,IT,Italy,1935,2007
György Ligeti,HU,Hungary,1923,2006
Johann Pachelbel,DE,Germany,1653,1706
Béla Bartók,HU,Hungary,1881,1945
Hubert Parry,GB,United Kingdom,1848,1918
Carlos Gardel,AR,Argentina,1890,1935
Hildegard Von Bingen,DE,Germany,1098,1179
Léo Delibes,FR,France,1836,1891
Federico Moreno Torroba,ES,Spain,1891,1982
Nikolai Medtner,RU,Russia,1880,1951
Bedřich Smetana,CZ,Czechia,1824,1884
Plácido Domingo,ES,Spain,1941,Sin datos
Ferdinando Carulli,IT,Italy,1770,1841
Johann Strauss Ii,AT,Austria,1825,1899
Peter Warlock,GB,United Kingdom,1894,1930
Herbert Howells,GB,United Kingdom,1892,1983
E. Gayathri,IN,India,Sin datos,Sin datos
Anne Sofie Von Otter,SE,Sweden,1955,Sin datos
Luigi Boccherini,IT,Italy,1743,1805
Henryk Górecki,PL,Poland,1933,2010
Jordi Savall,ES,Spain,1941,Sin datos
Satish Vyas,Sin datos,Sin datos,Sin datos,Sin datos
Joseph Boulogne Chevalier De Saint-Georges,FR,France,1745,1799
Lost Horizon,SE,Sweden,1998,Sin datos
Chicago Symphony Orchestra,US,United States,1891,Sin datos
T. S. Ranganathan,Sin datos,Sin datos,Sin datos,Sin datos
Alexander Arutiunian,AM,Armenia,1920,2012
Giulio Regondi,IT,Italy,1822,1872
Boccherini Guitar Quartet,Sin datos,Sin datos,Sin datos,Sin datos
Gioachino Rossini,IT,Italy,1792,1868
Charles Koechlin,FR,France,1867,1950
David N. Childs,NZ,New Zealand,1969,Sin datos
Domenico Scarlatti,IT,Italy,1685,1757
Yasunori Mitsuda,JP,Japan,1972,Sin datos
Bombay Sisters,Sin datos,Sin datos,Sin datos,Sin datos
Mehdi Hassan,PK,Pakistan,1927,2012
Leonard Bernstein,US,United States,1918,1990
Percy Whitlock,GB,United Kingdom,1903,1946
Halim El-Dabh,US,United States,1921,2017
Hamilton Harty,IE,Ireland,1879,1941
Igor Stravinsky,RU,Russia,1882,1971
François Couperin,FR,France,1668,1733
William Byrd,GB,United Kingdom,1540,1623
Shivkumar Sharma,IN,India,1938,2022
Guillaume De Machaut,FR,France,1300,1377
Kenneth Leighton,GB,United Kingdom,1929,1988
Ferruccio Busoni,IT,Italy,1866,1924
Han De Vries,NL,Netherlands,1941,Sin datos
Yoshihiro Kondo,JP,Japan,1968,Sin datos
Beniamino Gigli,IT,Italy,1890,1957
Krzysztof Penderecki,PL,Poland,1933,2020
Colin Brumby,AU,Australia,1933,2018
Carl Orff,DE,Germany,1895,1982
Veena Sahasrabuddhe,IN,India,1948,2016
Richard Strauss,DE,Germany,1864,1949
Hariprasad Chaurasia,IN,India,1938,Sin datos
Joshua Bell,US,United States,1967,Sin datos
Pietro Mascagni,IT,Italy,1863,1945
Michael Daugherty,US,United States,1954,Sin datos
Radu Lupu,RO,Romania,1945,2022
Mikis Theodorakis,Sin datos,Sin datos,Sin datos,Sin datos
